Source,Target
"Adam, Paul",Entretiens politiques et littéraires
"Ajalbert, Jean",Entretiens politiques et littéraires
"Albert, Charles",Entretiens politiques et littéraires
"Albert, Henri",Entretiens politiques et littéraires
"Alberti, Konrad",Entretiens politiques et littéraires
"Marius-André, Paul",Entretiens politiques et littéraires
Anquetin,Entretiens politiques et littéraires
"Bakounine, Michel",Entretiens politiques et littéraires
"Bernard, Tristan",Entretiens politiques et littéraires
"Bigeon, Maurice",Entretiens politiques et littéraires
"Bois, Jules",Entretiens politiques et littéraires
"Bordeaux, Henri",Entretiens politiques et littéraires
"Boudard, René",Entretiens politiques et littéraires
"Carlyle, Thomas",Entretiens politiques et littéraires
"Cère, Emile",Entretiens politiques et littéraires
"Charpentier, Armand",Entretiens politiques et littéraires
"Claudel, Paul",Entretiens politiques et littéraires
"Cottinet, Emile",Entretiens politiques et littéraires
"Cousturier, Edmond",Entretiens politiques et littéraires
"Debussy, Claude",Entretiens politiques et littéraires
"Despretz, Julien",Entretiens politiques et littéraires
"Docquois, Georges",Entretiens politiques et littéraires
"Dujardin, Edouard",Entretiens politiques et littéraires
"Eekhoud, Georges",Entretiens politiques et littéraires
"Emerson, Ralph Waldo",Entretiens politiques et littéraires
"Engels, Friedrich",Entretiens politiques et littéraires
"Fabre, Gabriel",Entretiens politiques et littéraires
"Fèvre, Henri",Entretiens politiques et littéraires
"Flassan, Raxi",Entretiens politiques et littéraires
"Germain, Alphonse",Entretiens politiques et littéraires
"Gide, André",Entretiens politiques et littéraires
"Goudeau, Emile",Entretiens politiques et littéraires
"Gourmont, Remy de",Entretiens politiques et littéraires
"Grave, Jean",Entretiens politiques et littéraires
"Guéry, Louis",Entretiens politiques et littéraires
"Hamon, A.",Entretiens politiques et littéraires
"Hérold, A.-Ferdinand",Entretiens politiques et littéraires
"Kolb, Ernest",Entretiens politiques et littéraires
"Lachmann, Hedwig",Entretiens politiques et littéraires
"Laforgue, Jules",Entretiens politiques et littéraires
"Lazare, Bernard",Entretiens politiques et littéraires
"Lecomte, Georges",Entretiens politiques et littéraires
"Mallarmé, Stéphane",Entretiens politiques et littéraires
"Malo, Henri",Entretiens politiques et littéraires
"Malvost, Henri de",Entretiens politiques et littéraires
"Marx, Karl",Entretiens politiques et littéraires
"Mauclair, Camille",Entretiens politiques et littéraires
"Mazel, Henri",Entretiens politiques et littéraires
"Ménard, Louis",Entretiens politiques et littéraires
"Meunier, Dauphin",Entretiens politiques et littéraires
"Mourey, Gabriel",Entretiens politiques et littéraires
"Muhlfeld, Lucien",Entretiens politiques et littéraires
Multatuli,Entretiens politiques et littéraires
"Olin, Pierre-Marie",Entretiens politiques et littéraires
"Pilon, Edmond",Entretiens politiques et littéraires
"Proudhon, Pierre-Joseph",Entretiens politiques et littéraires
"Quillard, Pierre",Entretiens politiques et littéraires
"Randal, Théodore",Entretiens politiques et littéraires
"Reclus, Elie",Entretiens politiques et littéraires
"Reclus, Elisée",Entretiens politiques et littéraires
"Régnier, Henri de",Entretiens politiques et littéraires
Rekhoud,Entretiens politiques et littéraires
"Roberty, E. de",Entretiens politiques et littéraires
Saint-Mieux,Entretiens politiques et littéraires
Saint-Pol-Roux,Entretiens politiques et littéraires
"Saurin, Daniel",Entretiens politiques et littéraires
"Schmitt, Jean-Emmanuel",Entretiens politiques et littéraires
"Signoret, Emmanuel",Entretiens politiques et littéraires
"Sitt, O. de",Entretiens politiques et littéraires
"Sluyts, Charles",Entretiens politiques et littéraires
"Stirner, Max",Entretiens politiques et littéraires
"Thorel, Jean",Entretiens politiques et littéraires
"Valéry, Paul",Entretiens politiques et littéraires
"Vanor, Georges",Entretiens politiques et littéraires
"Veber, Pierre",Entretiens politiques et littéraires
"Verhaeren, Emile",Entretiens politiques et littéraires
"Vielé-Griffin, Francis",Entretiens politiques et littéraires
"White, J. E.",Entretiens politiques et littéraires
"Whitman, Walt",Entretiens politiques et littéraires
"Batilliat, Marcel",L'Art social
"Braisne, Henri de",L'Art social
"Brunellière, Charles",L'Art social
"Buriot, Henri",L'Art social
"Corre, Dr A.",L'Art social
"Dufour, Ernest",L'Art social
"Dutiers, Émile",L'Art social
"Espéron, Paul",L'Art social
"Eveline, Etienne",L'Art social
"Gioi, Mat",L'Art social
"Hamilo, Ludovic",L'Art social
"Hamon, A.",L'Art social
"Haulnoi, Félix",L'Art social
"Hirsch, Paul-Armand",L'Art social
"La Salle, Gabriel de",L'Art social
"Le Riche, Charles",L'Art social
"Le Rouge, Gustave",L'Art social
"Legrand, Marc",L'Art social
"Linert, Auguste",L'Art social
"Maret-Leriche, J.",L'Art social
"Morin, A.",L'Art social
"Ner, Henri",L'Art social
"Parazzoli, Maria",L'Art social
"Portal, Emile",L'Art social
"Rochel, Clément",L'Art social
"Souchet, Jules",L'Art social
Stalnoé,L'Art social
"Teneo, Martial",L'Art social
"Thebault, Eugène",L'Art social
"Veidaux, André",L'Art social
"Adam, Paul",L'Ermitage
"Ale, Georges d'",L'Ermitage
"Marius-André, Paul",L'Ermitage
"August, Karl",L'Ermitage
"Aurier, G.-Albert",L'Ermitage
"Bailly, Edmond",L'Ermitage
"Barbey d'Aurevilly, Jules",L'Ermitage
"Barrès, Maurice",L'Ermitage
"Bayle, Charles",L'Ermitage
"Bazalgette, Léon",L'Ermitage
"Beaubourg, Maurice",L'Ermitage
"Belugou, Léon",L'Ermitage
"Bérenger, Henri",L'Ermitage
"Bernard, Georges",L'Ermitage
"Bernard-Kahler, Georges",L'Ermitage
"Bierbaum, Otto-Julius",L'Ermitage
"Blanchedieu, Jacques",L'Ermitage
"Boès, Karl",L'Ermitage
"Bois, Jules",L'Ermitage
"Boissier, François",L'Ermitage
"Boix, Emile",L'Ermitage
"Bonnet des Tuves, Félix",L'Ermitage
"Bosdeveix, Eugène",L'Ermitage
"Bouchor, Maurice",L'Ermitage
"Bouyer, Raymond",L'Ermitage
"Boylesve, René",L'Ermitage
"Bressac, Henri",L'Ermitage
"Brinn'Gaubast, Louis Pilate de",L'Ermitage
"Brocelyande, Viviane de",L'Ermitage
"Cabanis, Léopold",L'Ermitage
"Carducci, Giosuè",L'Ermitage
"Carrère, Jean",L'Ermitage
"Castro, Eugenio de",L'Ermitage
"Chaigneau, Raphaël",L'Ermitage
"Cladel, Judith",L'Ermitage
"Cladel, Léon",L'Ermitage
"Cloüard, Albert",L'Ermitage
"Coulon, François",L'Ermitage
"Cros, Antoine",L'Ermitage
"Declareuil, Joseph",L'Ermitage
"Degron, Henri",L'Ermitage
"Delaroche, Achille",L'Ermitage
"Denis, Louis-Léon",L'Ermitage
"Destrem, Jean",L'Ermitage
"Devise, Fernand",L'Ermitage
"Devoluy, Pierre",L'Ermitage
"Doncieux, Georges",L'Ermitage
"Dorchain, Auguste",L'Ermitage
"Druilhet, Georges",L'Ermitage
"Ducoté, Edouard",L'Ermitage
"Dufay, Pierre",L'Ermitage
"Dumur, Louis",L'Ermitage
"Ellis, Havelock",L'Ermitage
"Eloy-Vincent, A.",L'Ermitage
"Elslander, Jean-François",L'Ermitage
"Eon, Henri",L'Ermitage
"Eyjeaux, Michel d'",L'Ermitage
"Fabre, Edmond",L'Ermitage
"Fiamingo, Joseph",L'Ermitage
"Fontainas, André",L'Ermitage
"Fort, Paul",L'Ermitage
"Fourest, Georges",L'Ermitage
Fra Diabolico,L'Ermitage
Fra Eremitano,L'Ermitage
"Friche, Frédéric",L'Ermitage
"Gachons, Andhré des",L'Ermitage
"Gachons, Jacques des",L'Ermitage
"Garschine, Vsevolod",L'Ermitage
"Gasquet, Joachim",L'Ermitage
"George, Stefan",L'Ermitage
"Germain, Alphonse",L'Ermitage
"Ghéon, Henri",L'Ermitage
"Gide, André",L'Ermitage
"Godfernaux, André",L'Ermitage
"Gomez-Carrillo, Enrique",L'Ermitage
"Gourmont, Remy de",L'Ermitage
"Griveau, Maurice",L'Ermitage
"Guérin, Alcide",L'Ermitage
"Guérin, Charles",L'Ermitage
"Hansson, Ola",L'Ermitage
"Haraucourt, Edmond",L'Ermitage
"Heredia, José-Maria de",L'Ermitage
"Hervilly, Ernest d'",L'Ermitage
"Hollande, Eugène",L'Ermitage
"Hyspa, Vincent",L'Ermitage
"Ibels, André",L'Ermitage
"Jacobsen, Jens Peter",L'Ermitage
"Jammes, Francis",L'Ermitage
"Jeantet, Félix",L'Ermitage
"Jhouney, Albert",L'Ermitage
"Jouve, Phoebus",L'Ermitage
"Keats, John",L'Ermitage
"Kedar, Louis de",L'Ermitage
"Kerdaniel, Edouard",L'Ermitage
"Klingsor, Tristan",L'Ermitage
"Kreutzberger, Maurice",L'Ermitage
"Labaume, Pierre de",L'Ermitage
"Lazare, Bernard",L'Ermitage
"Le Cardonnel, Louis",L'Ermitage
"Le Picault, Loeiz",L'Ermitage
"Le Roy, Grégoire",L'Ermitage
"Legrand, Marc",L'Ermitage
"Lemoyne, André",L'Ermitage
"L'Ermite, Pierre",L'Ermitage
"L'Ermite, Tristan",L'Ermitage
"L'Ermite, Kalophile",L'Ermitage
"Lisboa, Joao de",L'Ermitage
"Loriot, Florentin",L'Ermitage
"Louÿs, Pierre",L'Ermitage
"Lugné-Poe, A.-F.",L'Ermitage
"Maeterlinck, Maurice",L'Ermitage
"Marès, Roland de",L'Ermitage
"Marquant, Ulysse",L'Ermitage
"Maryx, Camille",L'Ermitage
"Masson, Paul",L'Ermitage
"Mauclair, Camille",L'Ermitage
"Maurras, Charles",L'Ermitage
"Mazel, Fortuné",L'Ermitage
"Mazel, Henri",L'Ermitage
"Merle, Hadrien",L'Ermitage
"Merrill, Stuart",L'Ermitage
"Meunier, Dauphin",L'Ermitage
"Michelet, Victor-Émile",L'Ermitage
"Montrueyrou, Louis",L'Ermitage
"Moréas, Jean",L'Ermitage
"Morhardt, Mathias",L'Ermitage
"Morice, Charles",L'Ermitage
"Mornand, Henri",L'Ermitage
"Muchart, Henri",L'Ermitage
"Néthy, Jean de",L'Ermitage
Nietzsche,L'Ermitage
"Nolhac, Pierre de",L'Ermitage
"Nyst, Raymond",L'Ermitage
"Olin, Pierre-Marie",L'Ermitage
"Oliveira Soares, Antonio d'",L'Ermitage
"Padoux, Georges",L'Ermitage
"Page, Paul",L'Ermitage
"Péladan, Joséphin",L'Ermitage
Petit Roy d'Annam,L'Ermitage
"Pilon, Edmond",L'Ermitage
"Poizat, Alfred",L'Ermitage
"Quillard, Pierre",L'Ermitage
Rachilde,L'Ermitage
"Rambosson, Yvanhoé",L'Ermitage
"Rebell, Hugues",L'Ermitage
"Redonnel, Paul",L'Ermitage
"Régnier, Henri de",L'Ermitage
"Remacle, Adrien",L'Ermitage
"Remouchamps, Victor",L'Ermitage
"Remy, Marcel",L'Ermitage
"Renard, Jules",L'Ermitage
"Retté, Adolphe",L'Ermitage
"Ridel, Léopold",L'Ermitage
"Rimbaud, Arthur",L'Ermitage
"Ritter, William",L'Ermitage
"Robert, Gustave",L'Ermitage
"Roz, Firmin",L'Ermitage
"Ruelle, Angelin",L'Ermitage
"Sabatier, Antoine",L'Ermitage
Saint-Antoine,L'Ermitage
"Sainte-Brigitte, Paul",L'Ermitage
"Saint-Paul, Albert",L'Ermitage
Saint-Pol-Roux,L'Ermitage
"Saunier, Charles",L'Ermitage
"Savary, Joseph",L'Ermitage
"Second, Henri",L'Ermitage
"Signoret, Emmanuel",L'Ermitage
Sinocim,L'Ermitage
"Souchon, Paul",L'Ermitage
"Soulier, Gustave",L'Ermitage
"Stead, William Thomas",L'Ermitage
Stendhal,L'Ermitage
"Striyenski, Casimir",L'Ermitage
"Swan, Harry",L'Ermitage
"Sylvius, Docteur",L'Ermitage
"Tailhade, Laurent",L'Ermitage
"Tarde, Gabriel",L'Ermitage
"Tardieu, Emile",L'Ermitage
"Tardivaux, René",L'Ermitage
"Tarride, Abel",L'Ermitage
"Taylor, Georges",L'Ermitage
Trissotin,L'Ermitage
"Valéry, Paul",L'Ermitage
"Valin, Pierre",L'Ermitage
"Venancourt, Daniel de",L'Ermitage
"Verhaeren, Emile",L'Ermitage
"Verlaine, Paul",L'Ermitage
"Vermeil, Emile",L'Ermitage
"Vicaire, Gabriel",L'Ermitage
"Vielé-Griffin, Francis",L'Ermitage
"Vincent, Eloy",L'Ermitage
"Viollis, Jean",L'Ermitage
"Watyn, Emile",L'Ermitage
Willy,L'Ermitage
"Abadie, Michel",La Plume
"Ajalbert, Jean",La Plume
"Albert, Henri",La Plume
"Alexander-Marius, Mme Emilie",La Plume
"Marius-André, Paul",La Plume
"Antoine, Jules",La Plume
"Ardisson, Jean",La Plume
"Argus, C.-G.",La Plume
"Auriol, George",La Plume
Avatar,La Plume
"Aviotte, L.",La Plume
"Aviragnet, Onésime",La Plume
B.,La Plume
"Bailliot, Marcel",La Plume
"Balluriau, Paul",La Plume
"Baral, Julien",La Plume
"Baret, Le Docteur L.J.E.",La Plume
"Barlet, F.-Ch.",La Plume
"Barrau, Auguste",La Plume
"Barrès, Maurice",La Plume
Barrias,La Plume
"Bastit, Gaston",La Plume
"Baudelaire, Charles",La Plume
"Benoit-Lévy, Jules",La Plume
"Bernède, Arthur",La Plume
"Bévylle, Alphonse de A. B.-L.",La Plume
"Blée, Catulle",La Plume
"Blemont, Emile",La Plume
"Bloy, Léon",La Plume
"Blum, Maxime",La Plume
"Bochard, L.",La Plume
"Boès, Karl",La Plume
"Bois, Jules",La Plume
"Bonifas, Charles",La Plume
"Bonnamour, George (Jules Couturat)",La Plume
"Bonneron, Geo",La Plume
"Bonnier, Ch.",La Plume
"Bossanne, Henri",La Plume
"Boubert, Alphonse",La Plume
"Boudier, E.",La Plume
"Bourdelle, Emile",La Plume
"Bourdon, Georges",La Plume
"Bouret, Georges",La Plume
"Bourgain, G.",La Plume
"Boutet, Henri",La Plume
"Boutique, Alexandre",La Plume
"Bouyer, Raymond",La Plume
"Braisne, Henri de",La Plume
"Bretin, Horace",La Plume
"Brière, Albert",La Plume
"Brocelyande, Viviane de",La Plume
"Bruant, Aristide",La Plume
"Brun, E.",La Plume
"Buet, Charles",La Plume
"Busson, Daniel",La Plume
C. L.,La Plume
"Canqueteau, Joseph",La Plume
"Cerfberr, Anatole",La Plume
"Carrère, Jean",La Plume
Casema‘or,La Plume
"Cazals, F.-A.",La Plume
"Ch., S.",La Plume
"Chaboseau, Augustin",La Plume
"Champsaur, Félicien",La Plume
"Chantonnay, Pierre",La Plume
"Chapier, Edmond",La Plume
"Char, Edmond",La Plume
"Charpentier, Alexandre",La Plume
Chaufat-Gamperd,La Plume
"Chauvigné, Auguste",La Plume
Chide-Albert,La Plume
Christophe,La Plume
"Cladel, Judith",La Plume
"Cladel, Léon",La Plume
"Classe, Eugène",La Plume
"Clerget, Fernand",La Plume
"Clozel, J.",La Plume
"Colleville, Vicomte de",La Plume
"Coppée, François",La Plume
Coquelin cadet,La Plume
"Corbel, Henri",La Plume
"Cormon, F.",La Plume
"Coulon, François",La Plume
"Coulon, Marcel",La Plume
"Courboin, Eugène",La Plume
"Cousin, Jules",La Plume
"Coutant, Gaston",La Plume
"Christophe, Jules",La Plume
"Croze, J.-L.",La Plume
"Dalibard, A.",La Plume
"Daniaux, J.",La Plume
"Dardoize, Emile",La Plume
"Daruty, de Grandpré J.E.",La Plume
"Dautel, Gustave",La Plume
"Degalvès, J.",La Plume
"Degron, Henri",La Plume
"Delacour, Charle",La Plume
"Delvaille, Albert",La Plume
"Delvaille, Caro",La Plume
"Denis, Léon",La Plume
"Depré, Ernest",La Plume
"Dequillebecq, Léon",La Plume
"Desbrosses, Jean",La Plume
"Descaves, Lucien",La Plume
"Deschamps, Léon",La Plume
"Desrousseaux, Alexandre",La Plume
"Destrem, Jean",La Plume
"Dézamy, Adrien",La Plume
"Dillard, Marius",La Plume
Dimokidès,La Plume
"Docquois, Georges",La Plume
"Doury, Charles",La Plume
"Doyen, Edouard",La Plume
"Drumont, Edouard",La Plume
"Dubourg, Charles",La Plume
"Dubreuilh, Gaston",La Plume
"Dubus, Édouard",La Plume
"Ducor, Camille",La Plume
"Dufay, Pierre",La Plume
"Dumur, Louis",La Plume
Durand-Dahl,La Plume
"Durand-Tahier, H.",La Plume
"Durocher, Léon",La Plume
"Duvauchel, Léon",La Plume
"Eller, Georges",La Plume
"Eon, Henri",La Plume
"Eristal, Louis d‘",La Plume
"Erlanger, Camille",La Plume
"Escalus, Léon",La Plume
"Estienne, Aristide",La Plume
Eugul,La Plume
"Evecq, J.-L. d'",La Plume
"F., D.",La Plume
"Faillet, Georges",La Plume
"Fau, Fernand",La Plume
"Faucher, Gudin",La Plume
"Féline, Michel",La Plume
"Ferny, Jacques",La Plume
"Ferrier, Fernand",La Plume
"Fort, Paul",La Plume
"Foubert, Emile",La Plume
"Fournier, Paul",La Plume
"Fragerolles, Georges",La Plume
"Fraipont, G.",La Plume
"France, Anatole",La Plume
"France, Hector",La Plume
"Frank, Felix",La Plume
"G., P.",La Plume
"Gachons, Andhré des",La Plume
"Gachons, Jacques des",La Plume
"Gardes, Jean",La Plume
Garrulus,La Plume
"Gauche, Alfred",La Plume
"Gaud, Auguste",La Plume
"Gérardy, Paul",La Plume
"Germain, Alphonse",La Plume
"Germain, Auguste",La Plume
"Geslain, Th.",La Plume
"Ghil, René",La Plume
Giboyer,La Plume
"Gilles, Georges",La Plume
"Gillier, Mathieu",La Plume
"Gineste, Raoul",La Plume
"Giot, Ch.",La Plume
"Goichon, Alexandre",La Plume
"Gourcuff, Olivier de",La Plume
"Gourmont, Remy de",La Plume
"Goutzwiller, Ch.",La Plume
"Grammont, Louis de",La Plume
"Grisard, Achille",La Plume
"Groux, Henri de",La Plume
Grün,La Plume
"Guaita, Stanislas de",La Plume
"Guérin, Alcide",La Plume
"Guesviller, Alfred",La Plume
"Guillaume, Louis",La Plume
"Guitton, Gustave",La Plume
"Guy, A.",La Plume
"H., D.-T.",La Plume
H.S.,La Plume
Hahbien-Thau,La Plume
"Hamelle, Paul",La Plume
"Harel, Paul",La Plume
"Hauser, Fernand",La Plume
Heidbrinck,La Plume
"Hennique, Léon",La Plume
"Houssaye, Arsène",La Plume
"Hubert, Paul",La Plume
"Hugo, Victor",La Plume
"Hugounet, Paul",La Plume
"Ibels, André",La Plume
"Ibels, Henri-Gabriel",La Plume
Imbert,La Plume
Ivanof,La Plume
"J., des G.",La Plume
"J.-L., C.",La Plume
Janin,La Plume
"Jarry, Alfred",La Plume
"Jeannin, Jules",La Plume
"Jhouney, Albert",La Plume
"Jourdain, Frantz",La Plume
"Jullien, Jean",La Plume
"Kahn, Gustave",La Plume
Kaza,La Plume
"Kreutzberger, Maurice",La Plume
L.D.,La Plume
L.L.,La Plume
L.M.,La Plume
La Plume,La Plume
"Labat, Louis",La Plume
"Lacaze-Duthiers, Gérard",La Plume
"Lacressonnière, Th.",La Plume
"Lafon, François",La Plume
"Laloue, Jules",La Plume
"Lamarche, Pierre",La Plume
Larcher,La Plume
"Larribeau, Joseph",La Plume
"Lautrec, Gabriel de",La Plume
"Lauzanne, Claude",La Plume
"Le Cardonnel, Louis",La Plume
"Le Clerc, René",La Plume
"Le Dauphin, Louis",La Plume
Le Goff,La Plume
"Le Goffic, Charles",La Plume
Le Roy,La Plume
"Lebègue, Léon",La Plume
"Leclère, Léon",La Plume
Leconte,La Plume
Ledoux,La Plume
"Legay, Marcel",La Plume
"Léger, Camille",La Plume
"Legrand, Marc",La Plume
"Lejay, Julien",La Plume
"Lejeune, Albert",La Plume
Lélio,La Plume
"Leloir, Maurice",La Plume
"Lemercier, Eugène",La Plume
"Lemonnier, Camille",La Plume
"Lepicard, Jean",La Plume
"Lépine, Madeleine",La Plume
"Lermina, Jules",La Plume
Lerond,La Plume
"Lesserteur, Henri",La Plume
"Leune, Albert et Moreau",La Plume
"Lévy, Hortense",La Plume
"Lex, Andréa",La Plume
"Libonis, L.",La Plume
"Loevy, Edouard",La Plume
"Loliée, Frédéric",La Plume
"Lorin, Georges",La Plume
"Lugné-Poe, A.-F.",La Plume
"Lugnier, Antonin",La Plume
"Lutèce, Louis de",La Plume
"Lynch, Albert",La Plume
"Maçon, Pol",La Plume
"Maillard, Léon",La Plume
"Maître, Un Genevois",La Plume
"Mallarmé, Stéphane",La Plume
"Malterre, Félix",La Plume
"Marcussen, Paul",La Plume
"Marès, Roland de",La Plume
"Marestan, Jean",La Plume
"Margueritte, Paul",La Plume
"Marthold, Jules de",La Plume
"Martin, Gabriel",La Plume
"Masson, Paul",La Plume
"Mauchel, Lucien",La Plume
"Mauclair, Camille",La Plume
"Maze, Auguste",La Plume
"Meignan, V.",La Plume
"Mendels, Gustave",La Plume
"Merrill, Stuart",La Plume
"Métaireau, Emile",La Plume
"Meunier, Dauphin",La Plume
"Michelet, Victor-Émile",La Plume
"Montoja, Gabriel",La Plume
"Moréas, Jean",La Plume
"Moreau, A.",La Plume
"Moreau, G.",La Plume
"Moreilhon, Gaston",La Plume
"Mougel, Charles",La Plume
"Myrbach, Félicien de",La Plume
"Nibor, Yann",La Plume
"Noury, Gaston",La Plume
Noyrb,La Plume
"Ollivier, Jules",La Plume
"Orhand, Joseph",La Plume
"Ourousof, Le Prince Alexandre",La Plume
"P., L. I.",La Plume
"Palante, Georges",La Plume
"Papus, G.-E.",La Plume
"Pelletier, Abel",La Plume
"Pellier, Eugène",La Plume
"Perrée, Edmond",La Plume
"Perrier, Nicolas",La Plume
Philbert,La Plume
"Picard, Edmond",La Plume
"Pilon, Edmond",La Plume
"Pitou, Charles",La Plume
"Pitoux, F.",La Plume
"Plessys, Maurice du",La Plume
"Poisson, A.",La Plume
"Ponsard, René",La Plume
"Popelin, Claudius",La Plume
"Poussin, Alfred",La Plume
"Presse, La Parisienne.",La Plume
"Privas, Xavier",La Plume
Rachilde,La Plume
"Radoux, Albert",La Plume
"Rambosson, Yvanhoé",La Plume
"Randon, Gabriel",La Plume
"Raynaud, Ernest",La Plume
"Rebell, Hugues",La Plume
"Récy, René de",La Plume
"Redonnel, Paul",La Plume
"Régamey, Félix",La Plume
"Remacle, Adrien",La Plume
"Renan, Ary",La Plume
"Renard, Jules",La Plume
"Renaud, Jacques",La Plume
"Renault, Emile",La Plume
"Reni, Viola",La Plume
Renié,La Plume
Renout,La Plume
"Retté, Adolphe",La Plume
"Rhead, Louis- J.",La Plume
"Richepin, Jean",La Plume
"Rictus, Jehan",La Plume
"Ridal, Fulgence",La Plume
"Rimbaud, Mlle Isabelle",La Plume
"Riotor, Léon",La Plume
"Ritter, William",La Plume
"Rivet, Gustave",La Plume
"Rochel, Clément",La Plume
"Rochetin, Eugène",La Plume
"Rodenbach, Georges",La Plume
"Roscius, Philarinthe",La Plume
"Rouget, Paul",La Plume
"Rousseau, Emmanuel",La Plume
"Roussel, Georges",La Plume
"Ruelle, Angelin",La Plume
Ryo-Menarlec,La Plume
"S., Clara",La Plume
Sainte-Claire,La Plume
"Saint-Jacques, Louis de",La Plume
"Saint-Jean, Pierre de",La Plume
Saint-Pol-Roux,La Plume
"Saint-Saëns, Camille",La Plume
"Saint-Turon, A. L. M.",La Plume
"Sallé, Henri",La Plume
"Salvator, Rémy",La Plume
"Sangor, Michel",La Plume
"Sarcey, Francisque",La Plume
"Saulaies, Aurella des",La Plume
Saulgrain,La Plume
"Saunier, Charles",La Plume
"Saussey, Victorien de",La Plume
"Scheffer, Robert",La Plume
"Scholl, Aurélien",La Plume
"Segard, Achille",La Plume
Ségé,La Plume
"Seigneur, Maurice du",La Plume
"Séon, Alexandre",La Plume
Serenus,La Plume
"Servant, Stéphane",La Plume
"Servante, La",La Plume
"Signoret, Emmanuel",La Plume
Simon,La Plume
"Sinval, Armand",La Plume
"Soinet, Emile",La Plume
"Sonnet, A.",La Plume
"Souchet, Jules",La Plume
"Soutif, René",La Plume
"Strada, J. de",La Plume
"Strentz, Henri",La Plume
"Strick, Owen",La Plume
"Suria, Jean",La Plume
"Swan, Harold",La Plume
"Tailhade, Laurent",La Plume
"Tailhède, Raymond de la",La Plume
"Tardivaux, René",La Plume
"Tatin, G.",La Plume
"Tauchard, Henri",La Plume
"Tellier, Jaques",La Plume
"Ténib, Charles",La Plume
"Tennyson, Alfred",La Plume
"Térhence, André",La Plume
"Thooris, Alfred",La Plume
"Tiercelin, Louis",La Plume
"Trachsel, A.",La Plume
"Tranchant, Alfred",La Plume
"Trimouillat, Pierre",La Plume
Trissotin,La Plume
"Trocy, Pierre",La Plume
"Troubat, Fernand",La Plume
"Vacoutat, Jules",La Plume
"Vacquerie, Auguste",La Plume
"Valled, Jules",La Plume
"Vallin, Robert",La Plume
"Valois, Rude",La Plume
"Van, Bore",La Plume
"Vanor, Georges",La Plume
"Vautrey, Gustave",La Plume
"Veidaux, André",La Plume
"Verlaine, Paul",La Plume
"Vérola, Paul",La Plume
"Vicaire, Gabriel",La Plume
"Villiers de l'Isle-Adam, Auguste",La Plume
"Villon, François",La Plume
"Vingt, E.",La Plume
"Vitoux, G.",La Plume
"Vogt, William",La Plume
"Voisins, A. Gilbert de",La Plume
"Wagrez, Jaques",La Plume
"Watyn, Emile",La Plume
Willy,La Plume
Xanrof,La Plume
Yoghi (Un),La Plume
"Zola, Emile",La Plume
"Grave, Jean",La Révolte
"Pottier, Eugène",La Révolte
"Richepin, Jean",La Révolte
"Souètre, Olivier",La Révolte
"Adam, Paul",La Revue blanche
"Ajalbert, Jean",La Revue blanche
"Ajy, Auguste",La Revue blanche
"Albert, Henri",La Revue blanche
"Alexandre, Arsène",La Revue blanche
"Andelles, J. H. des",La Revue blanche
"Anet, Claude",La Revue blanche
"Anivel, C. d'",La Revue blanche
"Annunzio, Gabriel d'",La Revue blanche
"Antéorte, Chavarche",La Revue blanche
"Apollinaire, Guillaume",La Revue blanche
"Arnauld, Michel",La Revue blanche
"Athys, Alfred",La Revue blanche
"Austen, Jane",La Revue blanche
"Axa, Zo d'",La Revue blanche
Aymerillot,La Revue blanche
"B.P. Hasdeu, Julie",La Revue blanche
"Baignères, Jacques",La Revue blanche
"Baragnon, Louis-N.",La Revue blanche
"Barrès, Maurice",La Revue blanche
"Barrucand, Victor",La Revue blanche
"Bataille, Henri",La Revue blanche
"Beaubourg, Maurice",La Revue blanche
"Belugou, Léon",La Revue blanche
"Benda, Julien",La Revue blanche
"Bergame, Jean de",La Revue blanche
"Bernard, Tristan",La Revue blanche
"Berrichon, Paterne",La Revue blanche
"Berson, Henri",La Revue blanche
"Berthelot, André",La Revue blanche
"Bing, S.",La Revue blanche
"Bloy, Léon",La Revue blanche
"Blum, Léon",La Revue blanche
"Bois, Jules",La Revue blanche
"Bonnard, Pierre",La Revue blanche
"Bonnin, J.",La Revue blanche
"Bordeaux, Henri",La Revue blanche
"Boulenger, Marcel",La Revue blanche
"Brinn'Gaubast, Louis Pilate de",La Revue blanche
"Busscher, Lucien de",La Revue blanche
"Buysse, Cyriël",La Revue blanche
C. L.,La Revue blanche
"Céard, Henri",La Revue blanche
"Céhel, Claude",La Revue blanche
"Cesare, Ciurri",La Revue blanche
"Ch., J.C.",La Revue blanche
"Coolus, Romain",La Revue blanche
"Cordonnier, Emile",La Revue blanche
"Corneau, Alfred",La Revue blanche
"Cottet, Charles",La Revue blanche
"Cousturier, Edmond",La Revue blanche
"Dalbert, Georges",La Revue blanche
"Davautier, Charles",La Revue blanche
"Debussy, Claude",La Revue blanche
"Degeraisme, J.",La Revue blanche
"Dejoux, Renaud",La Revue blanche
"Delarue-Mardrus, Lucie",La Revue blanche
"Delchevalerie, Charles",La Revue blanche
"Deloncle, Henri",La Revue blanche
"Denis, Maurice",La Revue blanche
"Dreyfus, Robert",La Revue blanche
"Dujardin, Edouard",La Revue blanche
Ellis,La Revue blanche
"Ernest, Alfred",La Revue blanche
"Fagus, Félicien",La Revue blanche
"Fazy, Edmond",La Revue blanche
"Fénéon, Félix",La Revue blanche
Franc-Nohain,La Revue blanche
"Gaultier, Jules de",La Revue blanche
"Ghéon, Henri",La Revue blanche
"Ghil, René",La Revue blanche
"Gide, André",La Revue blanche
"Gourmont, Remy de",La Revue blanche
"Gregh, Fernand",La Revue blanche
"Hamsun, Knut",La Revue blanche
"Hansson, Ola",La Revue blanche
"Hauteroche, Albert",La Revue blanche
"Heller, Octave",La Revue blanche
"Henri, Charles",La Revue blanche
"Heredia, José-Maria de",La Revue blanche
"Hérold, A.-Ferdinand",La Revue blanche
"Herpain, Jules",La Revue blanche
"Hirsch, Charles-Henri",La Revue blanche
"Holmsen, Bjarne P.",La Revue blanche
"Ibels, Henri-Gabriel",La Revue blanche
J. H.,La Revue blanche
J. V. D. B.,La Revue blanche
"Jammes, Francis",La Revue blanche
"Jarry, Alfred",La Revue blanche
"Kahn, Gustave",La Revue blanche
"Kenlio, Nicolas",La Revue blanche
"Khnopff, Georges",La Revue blanche
"Krexpel, J.",La Revue blanche
"Krysinska, Marie",La Revue blanche
"La Jeunesse, Ernest",La Revue blanche
"Laforgue, Jules",La Revue blanche
"Lapaire, Hugues",La Revue blanche
"Lazare, Bernard",La Revue blanche
"Le Dantec, Félix",La Revue blanche
"Leblond, Marius-Ary",La Revue blanche
"Leclercq, Paul",La Revue blanche
"Lenormand, René",La Revue blanche
Li,La Revue blanche
"Lorrain, Jean",La Revue blanche
"Louis, Paul",La Revue blanche
"Louis, Pierre",La Revue blanche
"Louÿs, Pierre",La Revue blanche
M. F.,La Revue blanche
"M.F, C.",La Revue blanche
"Mallarmé, Stéphane",La Revue blanche
"Malquin, Ludovic",La Revue blanche
"Marinetti, F.-T.",La Revue blanche
"Maubert, Camille",La Revue blanche
"Mauclair, Camille",La Revue blanche
"Maud, Pierre L.",La Revue blanche
"Ménard, Louis",La Revue blanche
"Merrill, Stuart",La Revue blanche
"Métin, Albert",La Revue blanche
Mirailles,La Revue blanche
"Mirbeau, Octave",La Revue blanche
"Mitty, Jean de",La Revue blanche
"Moréas, Jean",La Revue blanche
"Morel, Eugène",La Revue blanche
"Muhlfeld, Lucien",La Revue blanche
"Müller, Otto",La Revue blanche
N.D.L.R.,La Revue blanche
"Natanson, Louis-Alfred",La Revue blanche
"Natanson, Thadée",La Revue blanche
"Nau, John-Antoine",La Revue blanche
"Néthy, Jean de",La Revue blanche
Nietzsche,La Revue blanche
"Nion, François de",La Revue blanche
"Noël, Alexis",La Revue blanche
"Paschal, Léon",La Revue blanche
"Péguy, Charles",La Revue blanche
"Pentoppidan, Henrik",La Revue blanche
"Percheron, Paul",La Revue blanche
"Philippe, Charles- Louis",La Revue blanche
"Pouvillon, Emile",La Revue blanche
"Proust, Marcel",La Revue blanche
"Psichari, Jean",La Revue blanche
"Quillard, Pierre",La Revue blanche
"Radiot, Paul",La Revue blanche
"Ranson, Paul",La Revue blanche
"Raquin, Octave",La Revue blanche
"Rebell, Hugues",La Revue blanche
"Redon, Odilon",La Revue blanche
"Régnier, Henri de",La Revue blanche
"Renard, Jules",La Revue blanche
"Retté, Adolphe",La Revue blanche
"Ribeyre, Henri",La Revue blanche
"Ricrède, J.",La Revue blanche
Rippl-Ronaï,La Revue blanche
"Roussel, K. X.",La Revue blanche
"Royelle, Paul",La Revue blanche
"Rzewuski, Stanislas",La Revue blanche
"S., M.",La Revue blanche
"Saint-Cère, Jacques",La Revue blanche
Saint-Pol-Roux,La Revue blanche
"Salandri, Gaston",La Revue blanche
"Salle, Louis de la",La Revue blanche
"Sansone, Francesco",La Revue blanche
"Saunier, Charles",La Revue blanche
"Scheffer, Robert",La Revue blanche
"Schopfer, Jean",La Revue blanche
"Séailles, Maurice",La Revue blanche
"Sérusier, Paul",La Revue blanche
"Signoret, Emmanuel",La Revue blanche
"Sluyts, Charles",La Revue blanche
"Soulaine, Pierre",La Revue blanche
"Stancesco, Démètre",La Revue blanche
Stendhal,La Revue blanche
"St-Maurice, Joleaud de",La Revue blanche
"Striyenski, Casimir",La Revue blanche
"Sturza, A.",La Revue blanche
"Tchékhov, Anton",La Revue blanche
"Téhenne, André",La Revue blanche
"Th., Al.",La Revue blanche
"Thonnar, Albert",La Revue blanche
"Tolstoi, Léon",La Revue blanche
"Toulouse-Lautrec, Henri de",La Revue blanche
Tsuyouki,La Revue blanche
"Twain, Mark",La Revue blanche
"Vallotton, Félix",La Revue blanche
"Veber, Pierre",La Revue blanche
"Veeck, Eugène",La Revue blanche
"Verhaeren, Emile",La Revue blanche
"Verlaine, Paul",La Revue blanche
"Vielé-Griffin, Francis",La Revue blanche
"Villiers de l'Isle-Adam, Auguste",La Revue blanche
"Vuillard, Emile",La Revue blanche
Willy,La Revue blanche
"Zilcken, Philip",La Revue blanche
"Zola, Emile",La Revue blanche
"Adam, Paul",La Revue indépendante
"Ajalbert, Jean",La Revue indépendante
"Alexis, Paul",La Revue indépendante
Aristophane,La Revue indépendante
"Aurier, G.-Albert",La Revue indépendante
"Barbey d'Aurevilly, Jules",La Revue indépendante
"Barrès, Maurice",La Revue indépendante
"Beaubourg, Maurice",La Revue indépendante
"Bertrand, Pierre",La Revue indépendante
"Besnard, Albert",La Revue indépendante
"Bjornson, Bjornstjerne",La Revue indépendante
"Bois, Jules",La Revue indépendante
"Bouchor, Maurice",La Revue indépendante
"Bourget, Paul",La Revue indépendante
"Bournand, François",La Revue indépendante
"Braisne, Henri de",La Revue indépendante
"Braisnes, Henri de",La Revue indépendante
"Bruneau, Alfred",La Revue indépendante
"Buet, Charles",La Revue indépendante
"Céard, Henri",La Revue indépendante
"Cerfberr, Anatole",La Revue indépendante
"Champsaur, Félicien",La Revue indépendante
"Couturat, Gaston",La Revue indépendante
"Bonnamour, George (Jules Couturat)",La Revue indépendante
"Danville, Gaston",La Revue indépendante
"Darien, Georges",La Revue indépendante
"Darzens, Rodolphe",La Revue indépendante
"Delard, Eugène",La Revue indépendante
"Delaroche, Achille",La Revue indépendante
"Descaves, Lucien",La Revue indépendante
"Descreux, V.",La Revue indépendante
"Dorian, Tola",La Revue indépendante
"Dorville, Max",La Revue indépendante
"Dujardin, Edouard",La Revue indépendante
"Duvauchel, Léon",La Revue indépendante
"Fénéon, Félix",La Revue indépendante
"Fèvre, Henri",La Revue indépendante
"Fleury, Maurice de",La Revue indépendante
Fourcaud,La Revue indépendante
"France, Anatole",La Revue indépendante
"G., R.",La Revue indépendante
"Geffroy, Gustave",La Revue indépendante
"Ghil, René",La Revue indépendante
"Gourbon, Georges",La Revue indépendante
"Gourdon, Georges",La Revue indépendante
"Gourmont, Remy de",La Revue indépendante
"Grandmougin, Charles",La Revue indépendante
"Guiches, Gustave",La Revue indépendante
Guy-Valvor,La Revue indépendante
"Hawthorne, Nathaniel",La Revue indépendante
"Hennique, Léon",La Revue indépendante
"Henri, Charles",La Revue indépendante
"Hervieu, Paul",La Revue indépendante
"Huysmans, Joris-Karl",La Revue indépendante
"Ibsen, Henrik",La Revue indépendante
"Izarn Freissinet, comtesse d'",La Revue indépendante
"Jaubert, E.",La Revue indépendante
"Jaubert, Ernest",La Revue indépendante
"Jourdain, Frantz",La Revue indépendante
"Kahn, Gustave",La Revue indépendante
"Krysinska, Marie",La Revue indépendante
"Laforgue, Jules",La Revue indépendante
"Lam, Frédéric",La Revue indépendante
"Lano, Pierre De",La Revue indépendante
"Lapauze, Henri",La Revue indépendante
"Lazare, Bernard",La Revue indépendante
"Le Lorrain, Jacques",La Revue indépendante
"Lenau, Nicolas",La Revue indépendante
"Lorrain, Jean",La Revue indépendante
"Luce, Maximilien",La Revue indépendante
"Mallarmé, Stéphane",La Revue indépendante
"Masson, Paul",La Revue indépendante
"Maurras, Charles",La Revue indépendante
"Maus, Octave",La Revue indépendante
Michelet,La Revue indépendante
"Mockel, Albert",La Revue indépendante
"Moore, George",La Revue indépendante
"Moréas, Jean",La Revue indépendante
"Morel, Eugène",La Revue indépendante
"Morice, Charles",La Revue indépendante
"Mourey, Gabriel",La Revue indépendante
"N., F.",La Revue indépendante
"Niard, François",La Revue indépendante
"Nion, François de",La Revue indépendante
Prozor,La Revue indépendante
"Quincey, Thomas de",La Revue indépendante
"Rabbe, Félix",La Revue indépendante
"Raismes, Gaston de",La Revue indépendante
"Régnier, Henri de",La Revue indépendante
"Remacle, Adrien",La Revue indépendante
"Richepin, Jean",La Revue indépendante
"Rosny, J.-H.",La Revue indépendante
"Rosny, J.-H.",La Revue indépendante
"Rzewuski, Stanislas",La Revue indépendante
"S., A.",La Revue indépendante
"Saint-Auban, Emile de",La Revue indépendante
"Saint-Paul, Albert",La Revue indépendante
"Salarnier, François",La Revue indépendante
"Saulnay, Sylvain de",La Revue indépendante
"Schmitt, Jean-Emmanuel",La Revue indépendante
"Singer, Winnaretta",La Revue indépendante
Stendhal,La Revue indépendante
"Striyenski, Casimir",La Revue indépendante
"Tailhade, Laurent",La Revue indépendante
"Thédenat, Raymond",La Revue indépendante
"Thédenat, Raymond",La Revue indépendante
"Tolstoi, Léon",La Revue indépendante
"Valvor, Guy",La Revue indépendante
"Vanor, Georges",La Revue indépendante
"Verdaguer, Jacinto",La Revue indépendante
"Verlaine, Paul",La Revue indépendante
"Vernon, Robert",La Revue indépendante
"Vielé-Griffin, Francis",La Revue indépendante
"Villiers de l'Isle-Adam, Auguste",La Revue indépendante
"Whistler, James Abbott McNeill",La Revue indépendante
"White, James E.",La Revue indépendante
"Whitman, Walt",La Revue indépendante
"Wronski, Hoëné",La Revue indépendante
"Wyzewa, Téodor de",La Revue indépendante
X.,La Revue indépendante
"Zilcken, Philip",La Revue indépendante
"Aimel, Henri",La Revue socialiste
"Ajalbert, Jean",La Revue socialiste
"Alavaill, Justin",La Revue socialiste
"Argyriadès, P.",La Revue socialiste
"Armanieux, Marc",La Revue socialiste
"Audiger, F.",La Revue socialiste
Belfort-Bax,La Revue socialiste
"Bernier, Robert",La Revue socialiste
"Bertrand, Louis",La Revue socialiste
"Bertrand, Pierre",La Revue socialiste
"Besse, Louis",La Revue socialiste
"Blatin, Dr",La Revue socialiste
"Boilley, Paul",La Revue socialiste
"Bonjean, François",La Revue socialiste
"Bonthoux, A.",La Revue socialiste
"Boz, Pierre",La Revue socialiste
Branting,La Revue socialiste
"Brissac, Henri",La Revue socialiste
"Buquet, Paul",La Revue socialiste
"Candelari, Roméo",La Revue socialiste
"Carnot, Hippolyte",La Revue socialiste
Cathelinat,La Revue socialiste
"Cécil, Marie",La Revue socialiste
"Cerfberr, Anatole",La Revue socialiste
"Charnay, Maurice",La Revue socialiste
"Chirac, Auguste",La Revue socialiste
"Cladel, Judith",La Revue socialiste
"Claux, Léon",La Revue socialiste
Colajanni,La Revue socialiste
"Combes, Paul",La Revue socialiste
"Corbeaux, Charles",La Revue socialiste
"Cornélissen, Christ",La Revue socialiste
"Costa, Andrea",La Revue socialiste
"Delon, A.",La Revue socialiste
"Delor, Dr",La Revue socialiste
"Delvacour, M.",La Revue socialiste
"Demer, O.",La Revue socialiste
"Denis, Hector",La Revue socialiste
"Diamandy, G.",La Revue socialiste
"Domela-Nieuwenhuis, F.",La Revue socialiste
"Ducommun, Elie",La Revue socialiste
"Fournière, Eugène",La Revue socialiste
"Francolin, G.",La Revue socialiste
"Galiment, Henri",La Revue socialiste
"Geffroy, Gustave",La Revue socialiste
"Georges, Henri",La Revue socialiste
Gervaise,La Revue socialiste
"Ghisler, Georges",La Revue socialiste
"Girard, Major",La Revue socialiste
"Godin, J.-B.-A.",La Revue socialiste
"Greef, Guillaume de",La Revue socialiste
"Greulich, H.",La Revue socialiste
"Grunlund, Lawrence",La Revue socialiste
"Guilot, A. A.",La Revue socialiste
"Hamon, A.",La Revue socialiste
"Herbel, E.",La Revue socialiste
"Herzen, A.",La Revue socialiste
Hindman,La Revue socialiste
"Holinsky, A.",La Revue socialiste
"Hubert, Emile",La Revue socialiste
"Hugo, Victor",La Revue socialiste
"Issaurat, C.",La Revue socialiste
"Jaclard, V.",La Revue socialiste
"Jaurès, Jean",La Revue socialiste
"Jousselin, Stéphane",La Revue socialiste
"Kennan, Georges",La Revue socialiste
"Kerckhove, Van de",La Revue socialiste
"Lafargue, Paul",La Revue socialiste
"Lagarde, Paul",La Revue socialiste
"Laveleye, E. de",La Revue socialiste
"Lecomte, Georges",La Revue socialiste
Léo,La Revue socialiste
"Lespilette, Camille",La Revue socialiste
"Leverdays, E.",La Revue socialiste
"Limanowski, B.",La Revue socialiste
"Lomlart, J.",La Revue socialiste
"Magny, Jules",La Revue socialiste
"Malan, J.-F.",La Revue socialiste
"Mallon, Benoît",La Revue socialiste
"Masquard, E. de",La Revue socialiste
Matgioi,La Revue socialiste
"Mayor, Henri",La Revue socialiste
"Milès, Jean",La Revue socialiste
"Millé, C.",La Revue socialiste
"Minck, Paul",La Revue socialiste
"Modeste, V.",La Revue socialiste
Montprofit,La Revue socialiste
"Moreau, E.",La Revue socialiste
"Morsier, Emilie de",La Revue socialiste
"Musoin, P.",La Revue socialiste
"Nus, Eugène",La Revue socialiste
"Paepe, C. de",La Revue socialiste
"Parine, P.",La Revue socialiste
Pecqueur,La Revue socialiste
"Pecqueur, Constantin",La Revue socialiste
"Pelloutier, Fernand",La Revue socialiste
"Pioget, Julien",La Revue socialiste
Platon,La Revue socialiste
"Plichon, R.",La Revue socialiste
"Pompery, E. de",La Revue socialiste
"Raiga, E.",La Revue socialiste
"Régnard, A.",La Revue socialiste
"Renard, Georges",La Revue socialiste
"Renoult, E.",La Revue socialiste
Rienzi,La Revue socialiste
"Rittinghausen, Emma",La Revue socialiste
"Roldes, Maxence",La Revue socialiste
"Rouanet, G.",La Revue socialiste
"Rouanet, Gustave",La Revue socialiste
"Roussey-Dalon, F.",La Revue socialiste
"Sagnol, J.",La Revue socialiste
"Sauvageots, L. des",La Revue socialiste
Serwy,La Revue socialiste
"Silvestre, A.",La Revue socialiste
"Simon, E.",La Revue socialiste
"Snell, Raoul",La Revue socialiste
Sorgue,La Revue socialiste
"Spéro, Alexis",La Revue socialiste
"Stiegler, Gaston",La Revue socialiste
"Tabarant, Adolphe",La Revue socialiste
"Tarde, Gustave",La Revue socialiste
"Tesseyre, N.",La Revue socialiste
"Teulié, H.",La Revue socialiste
Thurane,La Revue socialiste
"Toubeau, Albert",La Revue socialiste
"Tridon, G.",La Revue socialiste
"Trigant-Geneste, J.",La Revue socialiste
Umano,La Revue socialiste
"Valette, Aline",La Revue socialiste
"Vandervelde, Emile",La Revue socialiste
"Vaudémont, Henri",La Revue socialiste
"Veber, Adrien",La Revue socialiste
"Mallarmé, Stéphane",Écrits pour l'art
"Merrill, Stuart",Écrits pour l'art
"Régnier, Henri de",Écrits pour l'art
"Bonin, Charles-Eudes",Écrits pour l'art
"Vanor, Georges",Écrits pour l'art
Lutor,Écrits pour l'art
"Verhaeren, Emile",Écrits pour l'art
"Vielé-Griffin, Francis",Écrits pour l'art
"Khnopff, Georges",Écrits pour l'art
"Varvara, Mario",Écrits pour l'art
"Villiers de l'Isle-Adam, Auguste",Écrits pour l'art
"Saint-Paul, Albert",Écrits pour l'art
"Dubedat, Gaston",Écrits pour l'art
"Delaroche, Achille",Écrits pour l'art
"Mockel, Albert",Écrits pour l'art
"Lantoine, Albert",Écrits pour l'art
"Thebault, Eugène",Écrits pour l'art
"Devoluy, Pierre",Écrits pour l'art
"Philibert, Jean",Écrits pour l'art
"Marius-André, Paul",Écrits pour l'art
"Lombard, Jean",Écrits pour l'art
"Le Cardonnel, Louis",Écrits pour l'art
"Renaud, Jacques",Écrits pour l'art
"Maysonnier, Danton (Don Antenna)",Écrits pour l'art
"Gaud, Auguste",Écrits pour l'art
"Redonnel, Paul",Écrits pour l'art
"Cros, Edmond",Écrits pour l'art
"Dequillebecq, Léon",Écrits pour l'art
"Mancel, Sabine",Écrits pour l'art
"Bourson, Alexandre",Écrits pour l'art
"Clozel, J.",Écrits pour l'art
"Batilliat, Marcel",Écrits pour l'art
"Couturat, Gaston",Écrits pour l'art
"Bonnamour, George (Jules Couturat)",Écrits pour l'art
"Delbousquet, Emmanuel",Écrits pour l'art
"Docquois, Georges",Écrits pour l'art
"Gary de Faviès, Octave",Écrits pour l'art
"Nouhaud, Maurice",Écrits pour l'art
"Dutiers, Émile",Écrits pour l'art
"Vincent, Franck",Écrits pour l'art
"Berr, Mary",Écrits pour l'art
"Souchon, Paul",Écrits pour l'art
"Page, Paul",Écrits pour l'art
"Magallon, X. de",Écrits pour l'art
"Corbel, Henri",Écrits pour l'art
"Lombardi, V. Emm. C.",Écrits pour l'art
"Dosogne, Auguste",Écrits pour l'art
"Loubet, Joseph",Écrits pour l'art
"Castro, Eugenio de",Écrits pour l'art
"Oliveira Soares, Antonio d'",Écrits pour l'art
"Darsiles, Raymond",Écrits pour l'art
"Desloges, Louis",Écrits pour l'art
"Lapaire, Hugues",Écrits pour l'art
"Bonner, G.",L'Endehors
"Praxis, Théo",L'Endehors
"Night, Mathias",L'Endehors
"Malthuriel, Marie",L'Endehors
"Huot, Marie",L'Endehors
"Mortsauf, Jean",L'Endehors
Baruch,L'Endehors
"Mercier, Alexandre",L'Endehors
Freddis,L'Endehors
"Gravelin, Paul",L'Endehors
"Steen, Jan",L'Endehors
Abbé Jouet,L'Endehors
"Anastay, Léon",L'Endehors
"Axa, Zo d'",L'Endehors
"Barrucand, Victor",L'Endehors
"Bernard, Tristan",L'Endehors
"Bhray, Charles de",L'Endehors
"Boutin, Paul",L'Endehors
Brodjàga,L'Endehors
"Byl, Arthur",L'Endehors
"Chabard, Paul",L'Endehors
"Chalain, Louis",L'Endehors
"Chatel, Charles",L'Endehors
"Cholin, Henri",L'Endehors
"Christophe, Jules",L'Endehors
"Cohen, Alexandre",L'Endehors
"Cousturier, Edmond",L'Endehors
"Darien, Georges",L'Endehors
"Daurelle, Jacques",L'Endehors
"Decrept, Etienne",L'Endehors
"Descaves, Lucien",L'Endehors
"Dubois, Gaston",L'Endehors
"Dubus, Édouard",L'Endehors
"Faure, Sébastien",L'Endehors
"Fénéon, Félix",L'Endehors
"Fèvre, Henri",L'Endehors
"Gaillard, Eugène",L'Endehors
"Ghil, René",L'Endehors
"Giroud, Rémy",L'Endehors
"Grave, Jean",L'Endehors
"Hérold, A.-Ferdinand",L'Endehors
"Lazare, Bernard",L'Endehors
"Le Coq, M. J.",L'Endehors
"Leclerq, Julien",L'Endehors
"Lecomte, Georges",L'Endehors
"Lettil, Ernest",L'Endehors
"Maçon, Pol",L'Endehors
"Malato, Charles",L'Endehors
"Malquin, Ludovic",L'Endehors
"Manescau, Jean",L'Endehors
"Mathieu, Gustave",L'Endehors
"Mauclair, Camille",L'Endehors
"Melnotte, Victor",L'Endehors
"Méry, Jules",L'Endehors
"Michel, Louise",L'Endehors
"Mirbeau, Octave",L'Endehors
P. V.,L'Endehors
"Quillard, Pierre",L'Endehors
"Régnier, Henri de",L'Endehors
"Roinard, Paul-Napoléon",L'Endehors
Saint-Pol-Roux,L'Endehors
Sannier,L'Endehors
"Saunier, Charles",L'Endehors
"Tabarant, Adolphe",L'Endehors
"Veidaux, André",L'Endehors
"Verhaeren, Emile",L'Endehors
"Vielé-Griffin, Francis",L'Endehors
"Muhlfeld, Lucien",L'Endehors
"Brandal, Geo",L'Endehors
"Hirsch, Paul-Armand",L'Endehors
"Bertgues, Louis",L'Endehors
"Marchand, Camille",L'Endehors
"Malatesta, Errico",L'Endehors
"Carrier, Olivier",L'Endehors
"Henry, Émile",L'Endehors
G. B.,L'Endehors
"Adam, Paul",L'Endehors
"Sténot, Joachim",L'Endehors
"Braut, Jules",L'Endehors
"Quinel, Charles",L'Endehors
"Zisly, Henri",L'Endehors
"Maret, Henry",L'Endehors
Cosmopolis,L'Endehors
"Sullam, Marc",L'Endehors
"Vialeron, V.",L'Endehors
Matita,L'Endehors
"Renan, Ernest",L'Endehors
"Deherme, G.",L'Endehors
