Auteur,Nombre de revues
"Régnier, Henri de",6
"Vielé-Griffin, Francis",6
"Adam, Paul",5
"Ajalbert, Jean",5
"Bois, Jules",5
"Gourmont, Remy de",5
"Lazare, Bernard",5
"Mallarmé, Stéphane",5
"Mauclair, Camille",5
Saint-Pol-Roux,5
"Verhaeren, Emile",5
"Barrès, Maurice",4
"Ghil, René",4
"Marius-André, Paul",4
"Merrill, Stuart",4
"Moréas, Jean",4
"Quillard, Pierre",4
"Saunier, Charles",4
"Signoret, Emmanuel",4
"Vanor, Georges",4
"Verlaine, Paul",4
"Villiers de l'Isle-Adam, Auguste",4
"Albert, Henri",3
"Beaubourg, Maurice",3
"Bernard, Tristan",3
"Bonnamour, George (Jules Couturat)",3
"Braisne, Henri de",3
"Cerfberr, Anatole",3
"Cladel, Judith",3
"Cousturier, Edmond",3
"Delaroche, Achille",3
"Descaves, Lucien",3
"Docquois, Georges",3
"Dujardin, Edouard",3
"Fénéon, Félix",3
"Fèvre, Henri",3
"Germain, Alphonse",3
"Gide, André",3
"Grave, Jean",3
"Hamon, A.",3
"Hérold, A.-Ferdinand",3
"Kahn, Gustave",3
"Laforgue, Jules",3
"Le Cardonnel, Louis",3
"Lecomte, Georges",3
"Legrand, Marc",3
"Masson, Paul",3
"Meunier, Dauphin",3
"Muhlfeld, Lucien",3
"Pilon, Edmond",3
"Rebell, Hugues",3
"Redonnel, Paul",3
"Remacle, Adrien",3
"Renard, Jules",3
"Retté, Adolphe",3
"Richepin, Jean",3
"Saint-Paul, Albert",3
Stendhal,3
"Striyenski, Casimir",3
"Tailhade, Laurent",3
"Veidaux, André",3
Willy,3
"Aurier, G.-Albert",2
"Axa, Zo d'",2
"Barbey d'Aurevilly, Jules",2
"Barrucand, Victor",2
"Batilliat, Marcel",2
"Belugou, Léon",2
"Bertrand, Pierre",2
"Bloy, Léon",2
"Boès, Karl",2
"Bordeaux, Henri",2
"Bouchor, Maurice",2
"Bouyer, Raymond",2
"Brinn'Gaubast, Louis Pilate de",2
"Brocelyande, Viviane de",2
"Buet, Charles",2
C. L.,2
"Carrère, Jean",2
"Castro, Eugenio de",2
"Céard, Henri",2
"Champsaur, Félicien",2
"Christophe, Jules",2
"Cladel, Léon",2
"Clozel, J.",2
"Corbel, Henri",2
"Coulon, François",2
"Couturat, Gaston",2
"Darien, Georges",2
"Debussy, Claude",2
"Degron, Henri",2
"Dequillebecq, Léon",2
"Destrem, Jean",2
"Devoluy, Pierre",2
"Dubus, Édouard",2
"Dufay, Pierre",2
"Dumur, Louis",2
"Dutiers, Émile",2
"Duvauchel, Léon",2
"Eon, Henri",2
"Fort, Paul",2
"France, Anatole",2
"Gachons, Andhré des",2
"Gachons, Jacques des",2
"Gaud, Auguste",2
"Geffroy, Gustave",2
"Ghéon, Henri",2
"Guérin, Alcide",2
"Hansson, Ola",2
"Hennique, Léon",2
"Henri, Charles",2
"Heredia, José-Maria de",2
"Hirsch, Paul-Armand",2
"Hugo, Victor",2
"Ibels, André",2
"Ibels, Henri-Gabriel",2
"Jammes, Francis",2
"Jarry, Alfred",2
"Jhouney, Albert",2
"Jourdain, Frantz",2
"Khnopff, Georges",2
"Kreutzberger, Maurice",2
"Krysinska, Marie",2
"Lapaire, Hugues",2
"Lorrain, Jean",2
"Louÿs, Pierre",2
"Lugné-Poe, A.-F.",2
"Maçon, Pol",2
"Malquin, Ludovic",2
"Marès, Roland de",2
"Maurras, Charles",2
"Mazel, Henri",2
"Ménard, Louis",2
"Michelet, Victor-Émile",2
"Mirbeau, Octave",2
"Mockel, Albert",2
"Morel, Eugène",2
"Morice, Charles",2
"Mourey, Gabriel",2
"Néthy, Jean de",2
Nietzsche,2
"Nion, François de",2
"Olin, Pierre-Marie",2
"Oliveira Soares, Antonio d'",2
"Page, Paul",2
Rachilde,2
"Rambosson, Yvanhoé",2
"Renaud, Jacques",2
"Ritter, William",2
"Rochel, Clément",2
"Rosny, J.-H.",2
"Ruelle, Angelin",2
"Rzewuski, Stanislas",2
"Scheffer, Robert",2
"Schmitt, Jean-Emmanuel",2
"Sluyts, Charles",2
"Souchet, Jules",2
"Souchon, Paul",2
"Tabarant, Adolphe",2
"Tardivaux, René",2
"Thebault, Eugène",2
"Thédenat, Raymond",2
"Tolstoi, Léon",2
Trissotin,2
"Valéry, Paul",2
"Veber, Pierre",2
"Vicaire, Gabriel",2
"Watyn, Emile",2
"Whitman, Walt",2
"Zilcken, Philip",2
"Zola, Emile",2
"Abadie, Michel",1
Abbé Jouet,1
"Aimel, Henri",1
"Ajy, Auguste",1
"Alavaill, Justin",1
"Albert, Charles",1
"Alberti, Konrad",1
"Ale, Georges d'",1
"Alexander-Marius, Mme Emilie",1
"Alexandre, Arsène",1
"Alexis, Paul",1
"Anastay, Léon",1
"Andelles, J. H. des",1
"Anet, Claude",1
"Anivel, C. d'",1
"Annunzio, Gabriel d'",1
Anquetin,1
"Antéorte, Chavarche",1
"Antoine, Jules",1
"Apollinaire, Guillaume",1
"Ardisson, Jean",1
"Argus, C.-G.",1
"Argyriadès, P.",1
Aristophane,1
"Armanieux, Marc",1
"Arnauld, Michel",1
"Athys, Alfred",1
"Audiger, F.",1
"August, Karl",1
"Auriol, George",1
"Austen, Jane",1
Avatar,1
"Aviotte, L.",1
"Aviragnet, Onésime",1
Aymerillot,1
B.,1
"B.P. Hasdeu, Julie",1
"Baignères, Jacques",1
"Bailliot, Marcel",1
"Bailly, Edmond",1
"Bakounine, Michel",1
"Balluriau, Paul",1
"Baragnon, Louis-N.",1
"Baral, Julien",1
"Baret, Le Docteur L.J.E.",1
"Barlet, F.-Ch.",1
"Barrau, Auguste",1
Barrias,1
Baruch,1
"Bastit, Gaston",1
"Bataille, Henri",1
"Baudelaire, Charles",1
"Bayle, Charles",1
"Bazalgette, Léon",1
Belfort-Bax,1
"Benda, Julien",1
"Benoit-Lévy, Jules",1
"Bérenger, Henri",1
"Bergame, Jean de",1
"Bernard-Kahler, Georges",1
"Bernard, Georges",1
"Bernède, Arthur",1
"Bernier, Robert",1
"Berr, Mary",1
"Berrichon, Paterne",1
"Berson, Henri",1
"Bertgues, Louis",1
"Berthelot, André",1
"Bertrand, Louis",1
"Besnard, Albert",1
"Besse, Louis",1
"Bévylle, Alphonse de A. B.-L.",1
"Bhray, Charles de",1
"Bierbaum, Otto-Julius",1
"Bigeon, Maurice",1
"Bing, S.",1
"Bjornson, Bjornstjerne",1
"Blanchedieu, Jacques",1
"Blatin, Dr",1
"Blée, Catulle",1
"Blemont, Emile",1
"Blum, Léon",1
"Blum, Maxime",1
"Bochard, L.",1
"Boilley, Paul",1
"Boissier, François",1
"Boix, Emile",1
"Bonifas, Charles",1
"Bonin, Charles-Eudes",1
"Bonjean, François",1
"Bonnard, Pierre",1
"Bonner, G.",1
"Bonneron, Geo",1
"Bonnet des Tuves, Félix",1
"Bonnier, Ch.",1
"Bonnin, J.",1
"Bonthoux, A.",1
"Bosdeveix, Eugène",1
"Bossanne, Henri",1
"Boubert, Alphonse",1
"Boudard, René",1
"Boudier, E.",1
"Boulenger, Marcel",1
"Bourdelle, Emile",1
"Bourdon, Georges",1
"Bouret, Georges",1
"Bourgain, G.",1
"Bourget, Paul",1
"Bournand, François",1
"Bourson, Alexandre",1
"Boutet, Henri",1
"Boutin, Paul",1
"Boutique, Alexandre",1
"Boylesve, René",1
"Boz, Pierre",1
"Braisnes, Henri de",1
"Brandal, Geo",1
Branting,1
"Braut, Jules",1
"Bressac, Henri",1
"Bretin, Horace",1
"Brière, Albert",1
"Brissac, Henri",1
Brodjàga,1
"Bruant, Aristide",1
"Brun, E.",1
"Bruneau, Alfred",1
"Brunellière, Charles",1
"Buquet, Paul",1
"Buriot, Henri",1
"Busscher, Lucien de",1
"Busson, Daniel",1
"Buysse, Cyriël",1
"Byl, Arthur",1
"Cabanis, Léopold",1
"Candelari, Roméo",1
"Canqueteau, Joseph",1
"Carducci, Giosuè",1
"Carlyle, Thomas",1
"Carnot, Hippolyte",1
"Carrier, Olivier",1
Casema‘or,1
Cathelinat,1
"Cazals, F.-A.",1
"Cécil, Marie",1
"Céhel, Claude",1
"Cère, Emile",1
"Cesare, Ciurri",1
"Ch., J.C.",1
"Ch., S.",1
"Chabard, Paul",1
"Chaboseau, Augustin",1
"Chaigneau, Raphaël",1
"Chalain, Louis",1
"Chantonnay, Pierre",1
"Chapier, Edmond",1
"Char, Edmond",1
"Charnay, Maurice",1
"Charpentier, Alexandre",1
"Charpentier, Armand",1
"Chatel, Charles",1
Chaufat-Gamperd,1
"Chauvigné, Auguste",1
Chide-Albert,1
"Chirac, Auguste",1
"Cholin, Henri",1
Christophe,1
"Classe, Eugène",1
"Claudel, Paul",1
"Claux, Léon",1
"Clerget, Fernand",1
"Cloüard, Albert",1
"Cohen, Alexandre",1
Colajanni,1
"Colleville, Vicomte de",1
"Combes, Paul",1
"Coolus, Romain",1
"Coppée, François",1
Coquelin cadet,1
"Corbeaux, Charles",1
"Cordonnier, Emile",1
"Cormon, F.",1
"Corneau, Alfred",1
"Cornélissen, Christ",1
"Corre, Dr A.",1
Cosmopolis,1
"Costa, Andrea",1
"Cottet, Charles",1
"Cottinet, Emile",1
"Coulon, Marcel",1
"Courboin, Eugène",1
"Cousin, Jules",1
"Coutant, Gaston",1
"Cros, Antoine",1
"Cros, Edmond",1
"Croze, J.-L.",1
"Dalbert, Georges",1
"Dalibard, A.",1
"Daniaux, J.",1
"Danville, Gaston",1
"Dardoize, Emile",1
"Darsiles, Raymond",1
"Daruty, de Grandpré J.E.",1
"Darzens, Rodolphe",1
"Daurelle, Jacques",1
"Dautel, Gustave",1
"Davautier, Charles",1
"Declareuil, Joseph",1
"Decrept, Etienne",1
"Degalvès, J.",1
"Degeraisme, J.",1
"Deherme, G.",1
"Dejoux, Renaud",1
"Delacour, Charle",1
"Delard, Eugène",1
"Delarue-Mardrus, Lucie",1
"Delbousquet, Emmanuel",1
"Delchevalerie, Charles",1
"Delon, A.",1
"Deloncle, Henri",1
"Delor, Dr",1
"Delvacour, M.",1
"Delvaille, Albert",1
"Delvaille, Caro",1
"Demer, O.",1
"Denis, Hector",1
"Denis, Léon",1
"Denis, Louis-Léon",1
"Denis, Maurice",1
"Depré, Ernest",1
"Desbrosses, Jean",1
"Deschamps, Léon",1
"Descreux, V.",1
"Desloges, Louis",1
"Despretz, Julien",1
"Desrousseaux, Alexandre",1
"Devise, Fernand",1
"Dézamy, Adrien",1
"Diamandy, G.",1
"Dillard, Marius",1
Dimokidès,1
"Domela-Nieuwenhuis, F.",1
"Doncieux, Georges",1
"Dorchain, Auguste",1
"Dorian, Tola",1
"Dorville, Max",1
"Dosogne, Auguste",1
"Doury, Charles",1
"Doyen, Edouard",1
"Dreyfus, Robert",1
"Druilhet, Georges",1
"Drumont, Edouard",1
"Dubedat, Gaston",1
"Dubois, Gaston",1
"Dubourg, Charles",1
"Dubreuilh, Gaston",1
"Ducommun, Elie",1
"Ducor, Camille",1
"Ducoté, Edouard",1
"Dufour, Ernest",1
Durand-Dahl,1
"Durand-Tahier, H.",1
"Durocher, Léon",1
"Eekhoud, Georges",1
"Eller, Georges",1
Ellis,1
"Ellis, Havelock",1
"Eloy-Vincent, A.",1
"Elslander, Jean-François",1
"Emerson, Ralph Waldo",1
"Engels, Friedrich",1
"Eristal, Louis d‘",1
"Erlanger, Camille",1
"Ernest, Alfred",1
"Escalus, Léon",1
"Espéron, Paul",1
"Estienne, Aristide",1
Eugul,1
"Evecq, J.-L. d'",1
"Eveline, Etienne",1
"Eyjeaux, Michel d'",1
"F., D.",1
"Fabre, Edmond",1
"Fabre, Gabriel",1
"Fagus, Félicien",1
"Faillet, Georges",1
"Fau, Fernand",1
"Faucher, Gudin",1
"Faure, Sébastien",1
"Fazy, Edmond",1
"Féline, Michel",1
"Ferny, Jacques",1
"Ferrier, Fernand",1
"Fiamingo, Joseph",1
"Flassan, Raxi",1
"Fleury, Maurice de",1
"Fontainas, André",1
"Foubert, Emile",1
Fourcaud,1
"Fourest, Georges",1
"Fournier, Paul",1
"Fournière, Eugène",1
Fra Diabolico,1
Fra Eremitano,1
"Fragerolles, Georges",1
"Fraipont, G.",1
Franc-Nohain,1
"France, Hector",1
"Francolin, G.",1
"Frank, Felix",1
Freddis,1
"Friche, Frédéric",1
G. B.,1
"G., P.",1
"G., R.",1
"Gaillard, Eugène",1
"Galiment, Henri",1
"Gardes, Jean",1
Garrulus,1
"Garschine, Vsevolod",1
"Gary de Faviès, Octave",1
"Gasquet, Joachim",1
"Gauche, Alfred",1
"Gaultier, Jules de",1
"George, Stefan",1
"Georges, Henri",1
"Gérardy, Paul",1
"Germain, Auguste",1
Gervaise,1
"Geslain, Th.",1
"Ghisler, Georges",1
Giboyer,1
"Gilles, Georges",1
"Gillier, Mathieu",1
"Gineste, Raoul",1
"Gioi, Mat",1
"Giot, Ch.",1
"Girard, Major",1
"Giroud, Rémy",1
"Godfernaux, André",1
"Godin, J.-B.-A.",1
"Goichon, Alexandre",1
"Gomez-Carrillo, Enrique",1
"Goudeau, Emile",1
"Gourbon, Georges",1
"Gourcuff, Olivier de",1
"Gourdon, Georges",1
"Goutzwiller, Ch.",1
"Grammont, Louis de",1
"Grandmougin, Charles",1
"Gravelin, Paul",1
"Greef, Guillaume de",1
"Gregh, Fernand",1
"Greulich, H.",1
"Grisard, Achille",1
"Griveau, Maurice",1
"Groux, Henri de",1
Grün,1
"Grunlund, Lawrence",1
"Guaita, Stanislas de",1
"Guérin, Charles",1
"Guéry, Louis",1
"Guesviller, Alfred",1
"Guiches, Gustave",1
"Guillaume, Louis",1
"Guilot, A. A.",1
"Guitton, Gustave",1
Guy-Valvor,1
"Guy, A.",1
"H., D.-T.",1
H.S.,1
Hahbien-Thau,1
"Hamelle, Paul",1
"Hamilo, Ludovic",1
"Hamsun, Knut",1
"Haraucourt, Edmond",1
"Harel, Paul",1
"Haulnoi, Félix",1
"Hauser, Fernand",1
"Hauteroche, Albert",1
"Hawthorne, Nathaniel",1
Heidbrinck,1
"Heller, Octave",1
"Henry, Émile",1
"Herbel, E.",1
"Herpain, Jules",1
"Hervieu, Paul",1
"Hervilly, Ernest d'",1
"Herzen, A.",1
Hindman,1
"Hirsch, Charles-Henri",1
"Holinsky, A.",1
"Hollande, Eugène",1
"Holmsen, Bjarne P.",1
"Houssaye, Arsène",1
"Hubert, Emile",1
"Hubert, Paul",1
"Hugounet, Paul",1
"Huot, Marie",1
"Huysmans, Joris-Karl",1
"Hyspa, Vincent",1
"Ibsen, Henrik",1
Imbert,1
"Issaurat, C.",1
Ivanof,1
"Izarn Freissinet, comtesse d'",1
J. H.,1
J. V. D. B.,1
"J.-L., C.",1
"J., des G.",1
"Jaclard, V.",1
"Jacobsen, Jens Peter",1
Janin,1
"Jaubert, E.",1
"Jaubert, Ernest",1
"Jaurès, Jean",1
"Jeannin, Jules",1
"Jeantet, Félix",1
"Jousselin, Stéphane",1
"Jouve, Phoebus",1
"Jullien, Jean",1
Kaza,1
"Keats, John",1
"Kedar, Louis de",1
"Kenlio, Nicolas",1
"Kennan, Georges",1
"Kerckhove, Van de",1
"Kerdaniel, Edouard",1
"Klingsor, Tristan",1
"Kolb, Ernest",1
"Krexpel, J.",1
L.D.,1
L.L.,1
L.M.,1
"L'Ermite, Kalophile",1
"L'Ermite, Pierre",1
"L'Ermite, Tristan",1
"La Jeunesse, Ernest",1
La Plume,1
"La Salle, Gabriel de",1
"Labat, Louis",1
"Labaume, Pierre de",1
"Lacaze-Duthiers, Gérard",1
"Lachmann, Hedwig",1
"Lacressonnière, Th.",1
"Lafargue, Paul",1
"Lafon, François",1
"Lagarde, Paul",1
"Laloue, Jules",1
"Lam, Frédéric",1
"Lamarche, Pierre",1
"Lano, Pierre De",1
"Lantoine, Albert",1
"Lapauze, Henri",1
Larcher,1
"Larribeau, Joseph",1
"Lautrec, Gabriel de",1
"Lauzanne, Claude",1
"Laveleye, E. de",1
"Le Clerc, René",1
"Le Coq, M. J.",1
"Le Dantec, Félix",1
"Le Dauphin, Louis",1
Le Goff,1
"Le Goffic, Charles",1
"Le Lorrain, Jacques",1
"Le Picault, Loeiz",1
"Le Riche, Charles",1
"Le Rouge, Gustave",1
Le Roy,1
"Le Roy, Grégoire",1
"Lebègue, Léon",1
"Leblond, Marius-Ary",1
"Leclercq, Paul",1
"Leclère, Léon",1
"Leclerq, Julien",1
Leconte,1
Ledoux,1
"Legay, Marcel",1
"Léger, Camille",1
"Lejay, Julien",1
"Lejeune, Albert",1
Lélio,1
"Leloir, Maurice",1
"Lemercier, Eugène",1
"Lemonnier, Camille",1
"Lemoyne, André",1
"Lenau, Nicolas",1
"Lenormand, René",1
Léo,1
"Lepicard, Jean",1
"Lépine, Madeleine",1
"Lermina, Jules",1
Lerond,1
"Lespilette, Camille",1
"Lesserteur, Henri",1
"Lettil, Ernest",1
"Leune, Albert et Moreau",1
"Leverdays, E.",1
"Lévy, Hortense",1
"Lex, Andréa",1
Li,1
"Libonis, L.",1
"Limanowski, B.",1
"Linert, Auguste",1
"Lisboa, Joao de",1
"Loevy, Edouard",1
"Loliée, Frédéric",1
"Lombard, Jean",1
"Lombardi, V. Emm. C.",1
"Lomlart, J.",1
"Lorin, Georges",1
"Loriot, Florentin",1
"Loubet, Joseph",1
"Louis, Paul",1
"Louis, Pierre",1
"Luce, Maximilien",1
"Lugnier, Antonin",1
"Lutèce, Louis de",1
Lutor,1
"Lynch, Albert",1
M. F.,1
"M.F, C.",1
"Maeterlinck, Maurice",1
"Magallon, X. de",1
"Magny, Jules",1
"Maillard, Léon",1
"Maître, Un Genevois",1
"Malan, J.-F.",1
"Malatesta, Errico",1
"Malato, Charles",1
"Mallon, Benoît",1
"Malo, Henri",1
"Malterre, Félix",1
"Malthuriel, Marie",1
"Malvost, Henri de",1
"Mancel, Sabine",1
"Manescau, Jean",1
"Marchand, Camille",1
"Marcussen, Paul",1
"Marestan, Jean",1
"Maret-Leriche, J.",1
"Maret, Henry",1
"Margueritte, Paul",1
"Marinetti, F.-T.",1
"Marquant, Ulysse",1
"Marthold, Jules de",1
"Martin, Gabriel",1
"Marx, Karl",1
"Maryx, Camille",1
"Masquard, E. de",1
Matgioi,1
"Mathieu, Gustave",1
Matita,1
"Maubert, Camille",1
"Mauchel, Lucien",1
"Maud, Pierre L.",1
"Maus, Octave",1
"Mayor, Henri",1
"Maysonnier, Danton (Don Antenna)",1
"Maze, Auguste",1
"Mazel, Fortuné",1
"Meignan, V.",1
"Melnotte, Victor",1
"Mendels, Gustave",1
"Mercier, Alexandre",1
"Merle, Hadrien",1
"Méry, Jules",1
"Métaireau, Emile",1
"Métin, Albert",1
"Michel, Louise",1
Michelet,1
"Milès, Jean",1
"Millé, C.",1
"Minck, Paul",1
Mirailles,1
"Mitty, Jean de",1
"Modeste, V.",1
"Montoja, Gabriel",1
Montprofit,1
"Montrueyrou, Louis",1
"Moore, George",1
"Moreau, A.",1
"Moreau, E.",1
"Moreau, G.",1
"Moreilhon, Gaston",1
"Morhardt, Mathias",1
"Morin, A.",1
"Mornand, Henri",1
"Morsier, Emilie de",1
"Mortsauf, Jean",1
"Mougel, Charles",1
"Muchart, Henri",1
"Müller, Otto",1
Multatuli,1
"Musoin, P.",1
"Myrbach, Félicien de",1
"N., F.",1
N.D.L.R.,1
"Natanson, Louis-Alfred",1
"Natanson, Thadée",1
"Nau, John-Antoine",1
"Ner, Henri",1
"Niard, François",1
"Nibor, Yann",1
"Night, Mathias",1
"Noël, Alexis",1
"Nolhac, Pierre de",1
"Nouhaud, Maurice",1
"Noury, Gaston",1
Noyrb,1
"Nus, Eugène",1
"Nyst, Raymond",1
"Ollivier, Jules",1
"Orhand, Joseph",1
"Ourousof, Le Prince Alexandre",1
P. V.,1
"P., L. I.",1
"Padoux, Georges",1
"Paepe, C. de",1
"Palante, Georges",1
"Papus, G.-E.",1
"Parazzoli, Maria",1
"Parine, P.",1
"Paschal, Léon",1
Pecqueur,1
"Pecqueur, Constantin",1
"Péguy, Charles",1
"Péladan, Joséphin",1
"Pelletier, Abel",1
"Pellier, Eugène",1
"Pelloutier, Fernand",1
"Pentoppidan, Henrik",1
"Percheron, Paul",1
"Perrée, Edmond",1
"Perrier, Nicolas",1
Petit Roy d'Annam,1
Philbert,1
"Philibert, Jean",1
"Philippe, Charles- Louis",1
"Picard, Edmond",1
"Pioget, Julien",1
"Pitou, Charles",1
"Pitoux, F.",1
Platon,1
"Plessys, Maurice du",1
"Plichon, R.",1
"Poisson, A.",1
"Poizat, Alfred",1
"Pompery, E. de",1
"Ponsard, René",1
"Popelin, Claudius",1
"Portal, Emile",1
"Pottier, Eugène",1
"Poussin, Alfred",1
"Pouvillon, Emile",1
"Praxis, Théo",1
"Presse, La Parisienne.",1
"Privas, Xavier",1
"Proudhon, Pierre-Joseph",1
"Proust, Marcel",1
Prozor,1
"Psichari, Jean",1
"Quincey, Thomas de",1
"Quinel, Charles",1
"Rabbe, Félix",1
"Radiot, Paul",1
"Radoux, Albert",1
"Raiga, E.",1
"Raismes, Gaston de",1
"Randal, Théodore",1
"Randon, Gabriel",1
"Ranson, Paul",1
"Raquin, Octave",1
"Raynaud, Ernest",1
"Reclus, Elie",1
"Reclus, Elisée",1
"Récy, René de",1
"Redon, Odilon",1
"Régamey, Félix",1
"Régnard, A.",1
Rekhoud,1
"Remouchamps, Victor",1
"Remy, Marcel",1
"Renan, Ary",1
"Renan, Ernest",1
"Renard, Georges",1
"Renault, Emile",1
"Reni, Viola",1
Renié,1
"Renoult, E.",1
Renout,1
"Rhead, Louis- J.",1
"Ribeyre, Henri",1
"Ricrède, J.",1
"Rictus, Jehan",1
"Ridal, Fulgence",1
"Ridel, Léopold",1
Rienzi,1
"Rimbaud, Arthur",1
"Rimbaud, Mlle Isabelle",1
"Riotor, Léon",1
Rippl-Ronaï,1
"Rittinghausen, Emma",1
"Rivet, Gustave",1
"Robert, Gustave",1
"Roberty, E. de",1
"Rochetin, Eugène",1
"Rodenbach, Georges",1
"Roinard, Paul-Napoléon",1
"Roldes, Maxence",1
"Roscius, Philarinthe",1
"Rouanet, G.",1
"Rouanet, Gustave",1
"Rouget, Paul",1
"Rousseau, Emmanuel",1
"Roussel, Georges",1
"Roussel, K. X.",1
"Roussey-Dalon, F.",1
"Royelle, Paul",1
"Roz, Firmin",1
Ryo-Menarlec,1
"S., A.",1
"S., Clara",1
"S., M.",1
"Sabatier, Antoine",1
"Sagnol, J.",1
Saint-Antoine,1
"Saint-Auban, Emile de",1
"Saint-Cère, Jacques",1
"Saint-Jacques, Louis de",1
"Saint-Jean, Pierre de",1
Saint-Mieux,1
"Saint-Saëns, Camille",1
"Saint-Turon, A. L. M.",1
"Sainte-Brigitte, Paul",1
Sainte-Claire,1
"Salandri, Gaston",1
"Salarnier, François",1
"Sallé, Henri",1
"Salle, Louis de la",1
"Salvator, Rémy",1
"Sangor, Michel",1
Sannier,1
"Sansone, Francesco",1
"Sarcey, Francisque",1
"Saulaies, Aurella des",1
Saulgrain,1
"Saulnay, Sylvain de",1
"Saurin, Daniel",1
"Saussey, Victorien de",1
"Sauvageots, L. des",1
"Savary, Joseph",1
"Scholl, Aurélien",1
"Schopfer, Jean",1
"Séailles, Maurice",1
"Second, Henri",1
"Segard, Achille",1
Ségé,1
"Seigneur, Maurice du",1
"Séon, Alexandre",1
Serenus,1
"Sérusier, Paul",1
"Servant, Stéphane",1
"Servante, La",1
Serwy,1
"Silvestre, A.",1
Simon,1
"Simon, E.",1
"Singer, Winnaretta",1
Sinocim,1
"Sinval, Armand",1
"Sitt, O. de",1
"Snell, Raoul",1
"Soinet, Emile",1
"Sonnet, A.",1
Sorgue,1
"Souètre, Olivier",1
"Soulaine, Pierre",1
"Soulier, Gustave",1
"Soutif, René",1
"Spéro, Alexis",1
"St-Maurice, Joleaud de",1
Stalnoé,1
"Stancesco, Démètre",1
"Stead, William Thomas",1
"Steen, Jan",1
"Sténot, Joachim",1
"Stiegler, Gaston",1
"Stirner, Max",1
"Strada, J. de",1
"Strentz, Henri",1
"Strick, Owen",1
"Sturza, A.",1
"Sullam, Marc",1
"Suria, Jean",1
"Swan, Harold",1
"Swan, Harry",1
"Sylvius, Docteur",1
"Tailhède, Raymond de la",1
"Tarde, Gabriel",1
"Tarde, Gustave",1
"Tardieu, Emile",1
"Tarride, Abel",1
"Tatin, G.",1
"Tauchard, Henri",1
"Taylor, Georges",1
"Tchékhov, Anton",1
"Téhenne, André",1
"Tellier, Jaques",1
"Teneo, Martial",1
"Ténib, Charles",1
"Tennyson, Alfred",1
"Térhence, André",1
"Tesseyre, N.",1
"Teulié, H.",1
"Th., Al.",1
"Thonnar, Albert",1
"Thooris, Alfred",1
"Thorel, Jean",1
Thurane,1
"Tiercelin, Louis",1
"Toubeau, Albert",1
"Toulouse-Lautrec, Henri de",1
"Trachsel, A.",1
"Tranchant, Alfred",1
"Tridon, G.",1
"Trigant-Geneste, J.",1
"Trimouillat, Pierre",1
"Trocy, Pierre",1
"Troubat, Fernand",1
Tsuyouki,1
"Twain, Mark",1
Umano,1
"Vacoutat, Jules",1
"Vacquerie, Auguste",1
"Valette, Aline",1
"Valin, Pierre",1
"Valled, Jules",1
"Vallin, Robert",1
"Vallotton, Félix",1
"Valois, Rude",1
"Valvor, Guy",1
"Van, Bore",1
"Vandervelde, Emile",1
"Varvara, Mario",1
"Vaudémont, Henri",1
"Vautrey, Gustave",1
"Veber, Adrien",1
"Veeck, Eugène",1
"Venancourt, Daniel de",1
"Verdaguer, Jacinto",1
"Vermeil, Emile",1
"Vernon, Robert",1
"Vérola, Paul",1
"Vialeron, V.",1
"Villon, François",1
"Vincent, Eloy",1
"Vincent, Franck",1
"Vingt, E.",1
"Viollis, Jean",1
"Vitoux, G.",1
"Vogt, William",1
"Voisins, A. Gilbert de",1
"Vuillard, Emile",1
"Wagrez, Jaques",1
"Whistler, James Abbott McNeill",1
"White, J. E.",1
"White, James E.",1
"Wronski, Hoëné",1
"Wyzewa, Téodor de",1
X.,1
Xanrof,1
Yoghi (Un),1
"Zisly, Henri",1
